ID,Alloy,Diff. Lattice Constants,Diff. Melting Point,Mixing Enthalpy,Lattice Constants,Lambda,Diff. in atomic radii,Omega,Melting Temp.,Diff. Electronegativity Allen,Diff. Electronegativity Pauling,Diff. Shear modulus,Avg shear modulus,Mixing Entropy,Valence electron,YS (MPa)
1,CoFeNiSi0.75,1.055487599,44.66304411,-20.89171828,3.458902992,12365.52187,0.030453662,962.0652443,1752.61769,0.042160483,0.031383117,0.108399942,75.73413,11.46810064,8.00009,1301
2,Al0.75CoFeNi,0.583340282,340.1653332,-18.40336718,3.182622992,3378.840617,0.058258848,998.2349588,1601.91169,0.096576617,0.11086158,0.334610101,68.97413,11.46810064,7.80009,794
3,AlCoCrFeNi,0.547352688,408.517377,-18.93648,3.17142,4008.389723,0.057778896,1190.078167,1684.094,0.105878421,0.120565335,0.375622748,76.1,13.38161136,7.2,1251
4,AlC0.1CoCrFeNi,0.555328048,614.520156,-22.16618769,3.157579208,1146.418173,0.110198387,1084.069454,1726.054788,0.200369992,0.204579646,0.512705511,74.837877,13.92174058,7.13732,957
5,AlC0.2CoCrFeNi,0.557150757,652.2820807,-25.13458534,3.144244341,1004.453102,0.118993143,999.5033873,1766.373166,0.216354457,0.21974393,0.515326265,73.623937,14.22242122,7.077,906
6,AlC0.3CoCrFeNi,0.558736063,687.2739188,-27.8650339,3.131380028,895.405625,0.126958999,934.97927,1805.15608,0.230950152,0.233624142,0.518211026,72.45496,14.43267391,7.01888,867
7,AlC0.4CoCrFeNi,0.560118358,719.9150354,-30.37955611,3.119084829,809.2594688,0.134252673,884.6532013,1842.556449,0.24441091,0.246445369,0.521318045,71.331414,14.5859149,6.96312,1056
8,AlC0.5CoCrFeNi,0.561302089,750.5123513,-32.69374477,3.107140162,739.4630265,0.140984587,844.5392876,1878.558785,0.256916391,0.258368703,0.524589068,70.246157,14.69805051,6.90916,1060
9,AlCCoCrFeNi,0.564955604,880.0527987,-41.79389393,3.053577737,524.3183716,0.168562641,727.3892062,2040.619145,0.308957464,0.308043482,0.542381053,65.367974,14.89764879,6.6668,1251
10,AlC1.5CoCrFeNi,0.56591407,982.0646942,-47.81399984,3.008232115,411.9746092,0.189442898,673.4024211,2177.72302,0.349225399,0.346476298,0.560701849,61.239934,14.78519672,6.46168,1255
11,AlCoCrFeMo0.1Ni,0.543583984,455.8695034,-18.66913533,3.170972838,4008.052956,0.058935917,1273.578589,1707.876318,0.116527547,0.157613091,0.369894275,77.071456,13.92174058,7.17654,1804
12,AlCoCrFeMo0.2Ni,0.537984283,476.3595075,-18.40788021,3.170512521,4150.524937,0.058537646,1337.201197,1730.720746,0.120762954,0.159031066,0.372473875,78.004531,14.22242122,7.15392,2456
13,AlCoCrFeMo0.3Ni,0.532587653,494.7809991,-18.15247777,3.170037828,4262.002733,0.058192436,1393.527261,1752.68788,0.124607073,0.16083024,0.374508381,78.9017,14.43267391,7.13208,2649
14,AlCoCrFeMo0.4Ni,0.527393969,511.4572634,-17.90425263,3.169674639,4351.286745,0.057897257,1445.123739,1773.893559,0.128115637,0.16295544,0.376085056,79.767987,14.5859149,7.11126,2670
15,AlCoCrFeMo0.5Ni,0.522374654,526.6270522,-17.66078296,3.169231692,4422.995479,0.057646324,1493.280042,1794.285215,0.131329592,0.165350444,0.377259611,80.600806,14.69805051,7.09098,2757
16,AlCoCrFeNb0.1Ni,0.546616004,442.2402086,-19.35845926,3.173981012,3554.151659,0.06258623,1226.169497,1705.013258,0.122857008,0.122361524,0.517895952,75.343815,13.92174058,7.15693,1641
17,AlCoCrFeNb0.25Ni,0.537772475,465.9407247,-19.90602978,3.177625456,3622.885978,0.062905802,1249.460126,1734.886126,0.131531056,0.123913285,0.493029958,74.26339,14.33626687,7.09538,1959
18,AlCoCrFeNb0.5Ni,0.524400874,498.2968153,-20.62401578,3.183177286,3615.557483,0.063759108,1269.268306,1781.012355,0.143511652,0.125948277,0.461936409,72.591635,14.69805051,7.00007,2473
19,AlCoCrFeNiSi0.2,0.79201686,407.7043597,-21.31708869,3.258351315,3699.968292,0.06199944,1123.686432,1684.222606,0.115730696,0.126059041,0.439817197,75.481555,14.22242122,7.077,1265
20,AlCoCrFeNiSi0.4,0.840246456,396.90063,-23.29965171,3.338843112,3648.349976,0.063229332,1054.422742,1684.342929,0.114001646,0.123254291,0.414437636,74.908995,14.5859149,6.96312,1481
21,AlCoCrFeNiSi0.6,0.887857511,387.6151187,-24.94816691,3.413468973,3573.562379,0.064308725,997.8029675,1684.388508,0.113140035,0.121227789,0.394006317,74.374285,14.77886773,6.85708,1834
22,AlCoCrFeNiSi0.8,0.934270084,379.6767383,-26.31847256,3.483006648,3491.503839,0.065263444,951.8155921,1684.461143,0.11300039,0.119870848,0.377665272,73.877805,14.87142203,6.75848,2179
23,AlCoCrFeNiSi,0.979154803,372.9289394,-27.45609821,3.54807096,3408.280468,0.06611366,914.0686377,1684.612025,0.113450707,0.119083329,0.364706438,73.418135,14.89764879,6.6668,1110
24,AlCoCrFeNiTi0.5,0.525722741,396.4481385,-24.00676112,3.15139515,3257.051218,0.067176531,1045.389831,1707.466165,0.14802916,0.133776107,0.390447553,73.328006,14.69805051,6.90916,2260
25,CoCrFeMnNiV0.5,2.316800328,231.9660688,-6.134006976,4.042785882,13537.67706,0.03295018,4399.172434,1835.92745,0.105353142,0.137595133,0.215726636,83.119013,14.69805051,7.72735,620
26,CoCrFeMnNiV0.75,2.275236671,237.6492601,-6.86441361,3.998635491,13686.86233,0.032945177,4005.730041,1850.96215,0.113285833,0.13691033,0.233570682,81.533239,14.85551058,7.60855,740
27,CoCrFeMnNiV1.0,2.235769681,241.9248701,-7.455298203,3.958429167,13779.22233,0.032881113,3726.502539,1864.87063,0.119362922,0.136097732,0.248500351,80.084935,14.89764879,7.50015,1660
28,AlCrFeNi,0.486395801,454.3214626,-21.01725,3.3375,2941.286458,0.062600263,912.0878804,1663.1175,0.10880803,0.122142335,0.425972996,74.625,11.52629264,6.75,1406
29,AlCrFeNiMo0.2,0.476408936,515.2849275,-20.22221476,3.32849514,3265.551721,0.062040686,1070.234711,1721.860627,0.120326914,0.147443765,0.426553725,77.053922,12.56926132,6.71442,1487
30,AlCrFeNiMo0.5,0.462467506,577.5758113,-19.1280125,3.31630017,3518.865384,0.061121468,1237.125404,1800.086443,0.132282518,0.172224945,0.423258379,80.288086,13.14589657,6.6666,1749
31,AlCrFeNiMo0.8,0.449653153,618.9651615,-18.1416652,3.30571599,3689.799271,0.060153605,1375.187338,1868.585395,0.140266631,0.188403248,0.417268025,83.120257,13.3513771,6.62493,1513
32,CoCrCuFeNiTi0.5,0.407660875,259.5089647,-3.581691467,3.072376178,6038.976826,0.049334211,7323.445728,1784.612391,0.150561687,0.1266615,0.293628457,77.36441,14.69805051,8.36372,700
33,CoCrCuFeNiTi,0.387462653,247.032706,-8.272441999,3.062277911,3980.920947,0.06117403,3237.371888,1797.664286,0.174516947,0.138765776,0.313003583,74.718161,14.89764879,8.00016,1272
34,Al0.25CoCrCu0.75FeNiTi,0.456293625,302.1157435,-13.22125192,3.080387693,3692.930837,0.065154596,2110.594159,1779.983705,0.175319881,0.142634657,0.376907685,73.793087,15.67693963,7.6668,750
35,AlCoCrCuFeNi,0.526292614,392.256328,-10.40930525,3.24539824,5341.401583,0.052811834,2332.45952,1629.739261,0.102731121,0.119083329,0.39257234,71.484763,14.89764879,7.83349,1303
36,AlCoCrCuFeMnNi,2.042096995,365.2192071,-10.61340412,4.05500967,6023.583983,0.051826647,2460.308067,1613.923706,0.095426318,0.140379901,0.359799538,72.630024,16.17935449,7.71444,1005
37,AlCoCrCuFeNiTi,0.498033565,379.1441488,-18.68540045,3.203321208,3521.794071,0.06777954,1449.669076,1674.210626,0.166968243,0.142572568,0.405900302,67.78707,16.17935449,7.28586,1234
38,AlCoCrCuFeNiV,0.493044285,411.5468317,-12.77038835,3.21463572,6592.150005,0.049541261,2164.930387,1708.782746,0.127385795,0.124999209,0.40313202,67.944216,16.17935449,7.42872,1469
39,Al2CoCrCuFeNi,0.604270677,453.2659596,-16.94998599,3.360240995,3240.895396,0.066963857,1312.028861,1530.265556,0.114889132,0.134110477,0.43101854,65.015324,14.5326873,7.14297,1620
40,AlCoFeNi,0.594253588,362.9837413,-21.37275,3.236775,2962.698806,0.062373637,841.3690734,1560.1175,0.102282391,0.117553179,0.350875729,66.3,11.52629264,7.5,964
41,Al1.125CuFe0.75NiTi1.1,0.446986098,382.7715602,-26.74751031,3.435279987,2438.16922,0.073868203,762.7643117,1533.538959,0.193310884,0.1592797,0.357305326,53.223616,13.30389826,6.99004,980
42,Al22.5Cu20Fe15Ni20Ti2,0.487439012,416.5827532,-16.3696847,3.557115911,2867.319772,0.065041746,1060.385394,1431.012878,0.15331844,0.146064773,0.377301165,55.140808,12.12999186,7.74211,980
43,AlCuFeNiTi,0.440409957,365.9664975,-23.94352,3.40114,2608.637723,0.071622145,868.6418159,1554.248,0.186956252,0.153544782,0.367663912,55.44,13.38161136,7.2,1074
44,TaNbHfZrTi,0.129156098,476.4149452,2.644,3.19618,5364.617133,0.049944175,12769.21538,2523,0.086810138,0.118253964,0.259342454,48.66,13.38161136,4.4,929
45,Al0.25MoNbTiV,0.255899254,521.2709414,-8.473124009,3.162422768,7929.323854,0.040033623,3530.137777,2353.690005,0.068116098,0.243214426,0.581955154,61.63415,12.70825601,4.88226,1250
46,Al0.25NbTaTiV,0.261999586,632.6095056,-7.152278955,3.198728015,8652.528331,0.038324056,4346.783007,2446.394265,0.083064239,0.050175681,0.262565848,48.363794,12.70825601,4.64697,1330
47,Al0.2MoTaTiV,0.238440803,633.3434222,-7.390272926,3.1522059,7747.71926,0.040278004,4250.707393,2499.262841,0.082490156,0.259895303,0.476152142,69.606154,12.56926132,4.90486,1021
48,Al0.3HfNbTaTiZr,0.23370499,590.7930056,-6.437977752,3.244477912,5826.736982,0.049769204,5454.378303,2433.032602,0.1078477,0.120382563,0.280884454,47.388764,14.43267391,4.32076,1188
49,Al0.3NbTa0.8Ti1.4V0.2Zr1.3,0.256783285,603.4806656,-7.3945136,3.219002,3959.007558,0.058316518,4217.838839,2316.4882,0.084723902,0.109815846,0.303991096,43.88,13.46385734,4.34,1965
50,Al0.4Hf0.6NbTaTiZr,0.265226561,643.1417544,-9.6782144,3.264428,5922.4948,0.049481516,3591.693619,2397.1976,0.106290274,0.118298605,0.290004517,46.276,14.50075743,4.32,1841
51,Al0.5CrNbTi2V0.5,0.337461391,481.6502527,-14.92672,3.13035,3376.097601,0.060184916,1699.200067,2074.047,0.113031013,0.046861498,0.53854344,56.09,12.22898209,4.6,1240
52,Al0.5HfNbTaTiZr,0.274488015,644.322891,-11.42164992,3.273787283,5975.346988,0.049596189,3060.820714,2378.521058,0.117683802,0.121342961,0.29291915,46.618648,14.69805051,4.27277,1302
53,Al0.5MoNbTiV,0.321139374,602.055909,-13.18274869,3.211734549,8501.210573,0.039323731,2268.448072,2274.807252,0.075200753,0.237833695,0.599851336,59.66607,13.14589657,4.77773,1625
54,Al0.5NbTa0.8Ti1.5V0.2Zr,0.306841347,661.6274288,-12.6162992,3.246078,4432.203386,0.055756291,2473.644738,2264.967,0.095486805,0.103632041,0.312214339,43.74,13.77867409,4.3,2035
55,Al0.5NbTaTiV,0.32063062,705.7440357,-12.70038796,3.246023095,9410.897526,0.037374861,2445.229681,2362.361932,0.091315844,0.04961556,0.283127899,47.132862,13.14589657,4.55551,1012
56,Al0.6MoTaTiV,0.340350775,748.9097163,-14.84278732,3.230138334,8648.852367,0.039129279,2108.232025,2363.043392,0.092867154,0.249709801,0.515684085,65.829935,13.24226193,4.73909,962
57,Al0.75HfNbTaTiZr,0.311594082,695.6468513,-16.67344791,3.307414604,6104.363623,0.049331417,2063.149968,2315.627142,0.127111175,0.122147123,0.305901978,45.729569,14.85551058,4.21731,1415
58,Al0.75MoNbTiV,0.364271611,658.1078264,-16.87991575,3.255884501,8932.894583,0.038633608,1741.069094,2204.263678,0.080228553,0.232766771,0.615303014,57.90608,13.33284212,4.68427,1260
59,Al1.5MoNbTiV,0.43449028,751.1541626,-23.88662649,3.364115459,9841.093613,0.036699748,1126.983389,2030.966673,0.088580425,0.219191945,0.650463238,53.582354,13.25468883,4.45459,500
60,AlCr0.5NbTiV,0.429913158,623.7525584,-22.97514543,3.285678254,4801.466383,0.05232487,1131.309978,1977.195783,0.102636688,0.037646644,0.530649172,47.477303,13.14589657,4.4444,1300
61,AlMoNbTiV,0.394943184,698.6842252,-19.79024,3.29554,9284.149311,0.037964978,1447.477906,2140.694,0.083889451,0.227982455,0.628690959,56.32,13.38161136,4.6,1375
62,AlMoTaTiV,0.394945563,816.3490323,-19.91248,3.29572,9248.84583,0.038037366,1511.17034,2248.694,0.09898606,0.240615876,0.547252635,62.66,13.38161136,4.6,735
63,AlNb1.5Ta0.5Ti1.5Zr0.5,0.390921579,787.2051688,-22.28772,3.33859,10074.85793,0.035239954,1198.956165,2135.794,0.098144995,0.081516869,0.278351562,40.59,12.51150593,4.2,1280
64,AlNbTaTiV,0.388099972,795.005429,-20.52672,3.3264,10519.93743,0.035665443,1446.914369,2219.494,0.101452649,0.048414874,0.313766308,45.04,13.38161136,4.4,991
65,AlNbTiV,0.433682034,657.2079752,-24.487,3.332675,7398.549696,0.0394704,918.7648959,1951.8675,0.093603886,0.03354102,0.210248593,39,11.52629264,4.25,1000
66,CoCrMoNbTi0.4,0.285398689,450.3617679,-12.52935303,2.964702143,3346.130062,0.062357535,2447.543311,2356.88469,0.171420689,0.224941549,0.408890334,86.053604,13.01130018,6.27266,1771.3
67,Hf0.4Nb1.54Ta1.54Ti0.89Zr0.64,0.141549967,520.376987,2.434493784,3.221532931,6036.616698,0.045405619,13666.55569,2673.3446,0.071378056,0.107803756,0.271385724,49.840837,12.44551297,4.61478,882
68,Hf0.5Mo0.5NbTiZr,0.132314283,366.7124214,-0.2274375,3.163725,3864.472004,0.057926328,135692.8763,2380,0.092736185,0.261689224,0.524893481,52.225,12.96707922,4.5,1176
69,Hf0.5Nb0.5Ta0.5Ti1.5Zr,0.16178714,477.5106511,1.807625,3.1393125,4843.614803,0.050644588,16000.50339,2328.125,0.091506489,0.126787223,0.229938294,46.1875,12.42326333,4.25,903
70,Hf0.75NbTa0.5Ti1.5Zr1.25,0.144670241,433.7159785,2.27077,3.16291,5110.24273,0.050128811,13398.15246,2369.2,0.087030167,0.124842901,0.22896699,45.25,12.84151724,4.3,1100
71,HfMo0.25NbTaTiZr,0.128363569,472.1358188,1.534138461,3.193901972,5019.729188,0.053441408,23743.46914,2540.81272,0.090797334,0.205727366,0.370563821,52.324856,14.33626687,4.47628,1112
72,HfMo0.5NbTaTiZr,0.124737074,466.9197623,0.61045849,3.191741008,4816.678412,0.055240302,61563.48943,2556.93466,0.093225512,0.23769326,0.415038015,55.655102,14.69805051,4.5455,1137
73,HfMo0.5NbTiV0.5,0.138770908,349.3814177,-0.73225,3.134025,2834.557691,0.06763608,43104.80262,2434.125,0.136867865,0.273541587,0.434351113,56.3125,12.96707922,4.625,1260
74,HfMoNbTaTiZr,0.119320127,456.5854884,-0.810254631,3.188047093,4453.966833,0.057834286,47532.8049,2585.21837,0.096552621,0.284397913,0.502604301,61.484563,14.89764879,4.66676,1512
75,HfMoNbTiZr,0.118332792,361.8421755,-1.51248,3.16532,3599.460392,0.060972711,21624.96991,2444.2,0.105716602,0.309554519,0.561213215,59.94,13.38161136,4.6,1719
76,HfMoTaTiZr,0.118538635,493.5975689,-1.84224,3.1655,3610.548289,0.060879016,18538.59894,2552.2,0.101113797,0.311229819,0.478973975,66.28,13.38161136,4.6,1600
77,HfNb0.18Ta0.18Ti1.27Zr,0.166329934,414.8346152,0.87743011,3.130640823,5674.149472,0.044897901,29398.20291,2255.17618,0.092273399,0.114760626,0.212198759,46.313549,11.43807239,4.09918,540
78,HfNbTaTiZr,0.129156098,476.4149452,2.644,3.19618,5364.617133,0.049944175,12769.21538,2523,0.086810138,0.118253964,0.259342454,48.66,13.38161136,4.4,1073
79,HfNbTaZr,0.045117368,421.737774,3.309,3.257525,4007.181498,0.053632163,9295.228745,2668.5,0.091480872,0.123161479,0.28335996,49.425,11.52629264,4.5,1315
80,HfNbTiVZr,0.130576666,288.8173125,0.16176,3.14192,2679.136952,0.070673524,190400.0785,2301.6,0.12116105,0.138130373,0.16854034,44.16,13.38161136,4.4,1253
81,HfNbTiZr,0.131903108,316.0279853,2.3765,3.1699,4855.189246,0.048723866,11306.82505,2331.25,0.096533673,0.129687123,0.188379085,43.525,11.52629264,4.25,879
82,HfTaTiZr,0.132126102,517.3114995,1.68,3.170125,4896.451135,0.048518136,16920.66621,2466.25,0.083666003,0.10401322,0.245965787,51.45,11.52629264,4.25,1500
83,Mo0.1NbTiV0.3Zr,0.146872947,342.8493003,0.794343759,3.149119254,3141.096913,0.060825948,33406.678,2283.40356,0.059138209,0.160398107,0.357484467,42.550276,11.62141754,4.44122,932
84,Mo0.3NbTiV0.3Zr,0.142735264,361.5334465,-0.222562794,3.148972706,3203.958774,0.062006519,128266.3841,2317.41489,0.060529473,0.213660889,0.510809156,47.163577,12.31860765,4.52777,1312
85,Mo0.3NbTiVZr,0.137789428,334.5041522,-1.111652112,3.129635982,2612.249861,0.070071163,26485.79023,2295.55904,0.075336259,0.19732646,0.468160888,47.089,12.8260629,4.6047,1289
86,Mo0.5NbTiV0.3Zr,0.138929297,374.8602942,-1.035597716,3.148899672,3206.53746,0.06280598,28676.44174,2347.89157,0.061457909,0.247689061,0.570622894,51.292609,12.64847915,4.60531,1301
87,Mo0.5NbTiVZr,0.134739123,349.6138433,-1.610634453,3.130346474,2706.46804,0.069693721,18953.6414,2322.199,0.074535227,0.228088078,0.532784326,50.577272,13.14589657,4.66662,1473
88,Mo0.7NbTiV0.3Zr,0.1354115,384.4013519,-1.68885,3.148775,3191.577419,0.063319166,17996.93589,2375.275,0.062046354,0.271583205,0.596349439,55.0075,12.79604474,4.675,1436
89,Mo0.7NbTiVZr,0.131885766,361.17278,-2.022651936,3.131147744,2774.388466,0.069260875,15441.05613,2346.68578,0.073723432,0.250584903,0.565498092,53.77136,13.30893226,4.7235,1706
90,Mo1.3NbTiV0.3Zr,0.126273078,399.0556495,-2.987997247,3.148543118,3130.573413,0.063754707,10404.62812,2443.19623,0.062540979,0.312228934,0.603313308,64.215349,12.72472502,4.84783,1603
91,Mo1.3NbTiVZr,0.124297767,382.0648,-2.878781357,3.132886736,2904.372829,0.067749428,11154.77432,2408.82824,0.071284892,0.291552097,0.59088459,61.901632,13.33102784,4.86792,1496
92,Mo1.5NbTiV0.3Zr,0.12361406,400.9935123,-3.267914917,3.148447556,3112.66094,0.06365984,9503.579804,2462.03977,0.06243722,0.319847033,0.596952361,66.772523,12.61429266,4.89579,1576
93,MoNbTaTi0.25W,0.114294729,515.6558013,-6.118969462,3.212077587,20201.02959,0.025081657,6409.440822,3086.11761,0.053383281,0.363203966,0.530448816,95.127633,12.70825601,5.41166,1109
94,MoNbTaTi0.5W,0.117578493,537.4795431,-5.743490067,3.197590246,19260.44882,0.026125337,6918.059385,3022.52533,0.052422521,0.361599569,0.536425791,92.376854,13.14589657,5.33328,1211
95,MoNbTaTi0.75W,0.122630554,561.929328,-5.411255377,3.184665179,18412.11618,0.026909741,7307.139055,2965.66892,0.051579318,0.359318223,0.540877877,89.917021,13.33284212,5.26322,1304
96,MoNbTaTiV,0.141079722,488.6033156,-2.2784,3.1459,9360.441921,0.037809944,15340.92735,2612,0.067111847,0.241296498,0.494714634,64.92,13.38161136,5,1400
97,MoNbTaTiVW,0.128989563,601.5420353,-4.049161962,3.149179649,11652.02176,0.035756765,10274.35224,2792.55585,0.063421626,0.33408999,0.57086383,80.868284,14.89764879,5.16677,1515
98,MoNbTaTiW,0.128686683,587.4155599,-5.11472,3.17294,17687.2503,0.027505785,7624.927297,2914.4,0.05083306,0.356561355,0.54411643,87.7,13.38161136,5.2,1455
99,MoNbTaV,0.113948922,397.1349739,-3.1115,3.194675,9600.895892,0.034648859,10297.35239,2779.75,0.070489361,0.257135665,0.49096826,69.75,11.52629264,5.25,1525
100,MoNbTaVW,0.102598682,510.100147,-4.64176,3.18878,13503.11497,0.031480181,8541.380454,2962.8,0.064373908,0.343394817,0.540565933,87.92,13.38161136,5.4,1246
101,MoNbTaW,0.072661179,367.7297751,-6.54675,3.228475,21591.95758,0.023104619,5559.575453,3157.75,0.053560713,0.363696302,0.487453073,98.225,11.52629264,5.5,1058
102,MoNbTiV,0.131653893,393.4021479,-2.44725,3.10705,6938.340641,0.040758389,11503.92064,2442.5,0.057608593,0.248935233,0.561126969,63.85,11.52629264,5,1200
103,MoNbTiV0.25Zr,0.130728607,395.2877411,-2.42830156,3.149984358,3185.414451,0.063162601,12634.69988,2414.24641,0.061333771,0.29785363,0.608725487,60.087067,12.70825601,4.76461,1750
104,MoNbTiV0.3Zr,0.130603861,393.7696208,-2.44048344,3.148682412,3160.745783,0.063701829,12674.41356,2411.62831,0.062480353,0.296133639,0.607228955,59.933131,12.8260629,4.76749,1455
105,MoNbTiV0.5Zr,0.129987775,387.7884142,-2.477283787,3.143346344,3060.233348,0.06554172,12743.32184,2401.42043,0.066332164,0.289523493,0.601216991,59.343851,13.14589657,4.77773,1640
106,MoNbTiV0.75Zr,0.129030329,380.5890867,-2.502828952,3.137442706,2945.810002,0.06727582,12731.64523,2389.97282,0.069902898,0.281858201,0.593778193,58.679624,13.33284212,4.78952,1680
107,MoNbTiVZr,0.127922627,373.6814686,-2.51088,3.13204,2849.013587,0.068534137,12681.96106,2379.6,0.072498276,0.274765354,0.586433012,58.08,13.38161136,4.8,1779
108,MoNbTiZr,0.131154289,403.0740472,-2.3475,3.15755,3214.581093,0.059880115,11925.23248,2428.75,0.054083269,0.306950729,0.61625164,60.925,11.52629264,4.75,1560
109,MoTaTiV,0.131984495,540.800564,-2.406,3.107275,6901.330974,0.04086753,12347.88832,2577.5,0.074498322,0.265459507,0.452409737,71.775,11.52629264,5,1221
110,NbTaTiV,0.157730726,522.6963746,-0.0755,3.145625,7445.000761,0.039347075,387924.6306,2541,0.070887234,0.050682837,0.236744756,49.75,11.52629264,4.75,1092
111,NbTaTiVW,0.141295769,656.9960122,-3.56512,3.14954,9564.4803,0.037404471,10403.89955,2771.8,0.067111847,0.320224921,0.633679987,71.92,13.38161136,5,1420
112,NbTaVW,0.11230593,569.0854505,-4.58975,3.199225,9784.848868,0.034321619,7482.45306,2979.5,0.070489361,0.342591229,0.621440001,78.5,11.52629264,5.25,1530
113,NbTiV0.3Zr,0.149080411,330.7414774,1.397271463,3.149151396,3005.312126,0.060049183,17565.33032,2264.8181,0.058210373,0.117480446,0.119932705,40.03334,10.836868,4.39394,866
114,NbTiVZr,0.142777134,302.0153142,-0.15375,3.1283,2320.111432,0.070483977,168714.9372,2250.5,0.076485293,0.117153745,0.122410495,41.2,11.52629264,4.5,1105
115,AlMo0.5NbTa0.5TiZr,0.372281754,761.7526353,-23.98272,3.35137,5683.809302,0.050568075,1314.535388,2169.094,0.103268776,0.217651097,0.559485109,48.34,14.53424062,4.3,2000
116,Al0.3NbTaTi1.4Zr1.3,0.254787724,632.6900716,-6.9704272,3.229854,5356.648527,0.048560712,4278.161684,2360.7682,0.068487047,0.103234103,0.286847746,44.78,12.63174189,4.34,1965
117,NbTiV2Zr,0.133620022,271.4767025,-1.10848,3.10864,1979.404912,0.074805076,22352.95295,2237,0.08357033,0.23769326,0.415038015,55.655102,11.07635283,4.6,918
118,CrHfNbTiZr,0.157246385,289.0660824,-4.14192,3.11792,1798.188742,0.086265386,7434.013148,2301,0.158568597,0.263218759,0.459250071,58.694311,13.38161136,4.6,1375
119,CrMo0.5NbTa0.5TiZr,0.167748892,461.2852155,-4.85832,3.12347,2235.321294,0.080635484,7234.930495,2418.4,0.116863168,0.309554519,0.561213215,59.94,14.53424062,4.9,1595
120,CrNbTiVZr,0.154703039,271.5986745,-4.60752,3.08464,1776.831726,0.08678228,6495.172163,2236.4,0.117881296,0.306636221,0.585226331,66.372712,13.38161136,4.8,1298
121,Hf0.5Mo0.5NbTiZr,0.132314283,366.7124214,-0.2274375,3.163725,3864.472004,0.057926328,135692.8763,2380,0.092736185,0.314254258,0.576914398,69.333464,12.96707922,4.5,1178
122,Hf0.5Mo0.5NbSi0.1TiZr,0.461691902,379.0296763,-5.969589113,3.218989761,2898.358092,0.068510867,5385.224884,2363.07393,0.124664725,0.274765354,0.586433012,58.08,13.6041363,4.48776,1365
123,Hf0.5Mo0.5NbSi0.3TiZr,0.6086382,397.8746048,-15.8889896,3.321937437,2144.008692,0.081285964,2078.878299,2331.67319,0.16561163,0.262056128,0.572166482,57.046025,14.16634021,4.46516,1428
124,Hf0.5Mo0.5NbSi0.5TiZr,0.723749632,412.4081227,-24.05867931,3.415599177,1728.56128,0.091356478,1380.960602,2302.97697,0.1957517,0.250961774,0.558538777,56.18399,14.42658294,4.4444,1605
125,Hf0.5Mo0.5NbSi0.7TiZr,0.820125678,423.7480327,-30.81230497,3.501429602,1463.263017,0.099666022,1074.034725,2276.80517,0.219862342,0.232434007,0.533329264,54.829201,14.53505374,4.42557,1604
126,Hf0.5Mo0.5NbSi0.9TiZr,0.903492673,432.6295803,-36.40240473,3.580105395,1277.80689,0.106710772,900.4376929,2252.69289,0.239965869,0.306950729,0.61625164,60.925,14.55062848,4.40812,1677
127,Hf0.5Mo0.5NbTiZrCr0.1,0.140446965,365.8680191,-0.945263664,3.15750501,2870.801038,0.068838903,34182.16617,2375.0982,0.098242249,0.112889326,0.118646922,42.3,13.6041363,4.53654,1183
128,Hf0.5Mo0.5NbTiZrCr0.3,0.143778105,359.1349622,-2.184656565,3.146054244,2732.811133,0.071998595,15342.70891,2366.0698,0.112705727,0.144996552,0.511952907,57.88,14.16634021,4.6047,1201
129,HfNbSi0.5TiV,0.787609301,357.5885011,-22.17209976,3.376199571,1435.705871,0.095689077,1346.995458,2271.86617,0.221035286,0.2198454,0.523315112,66.16,13.14589657,4.4444,1399
130,HfNbSi0.5TiVZr,0.706646859,328.0001534,-20.04033468,3.350042591,1526.835707,0.098114617,1647.085415,2245.74973,0.203146854,0.117881296,0.535188995,56.02,14.69805051,4.36368,1540
131,HfNbTiVZr,0.130576666,288.8173125,0.16176,3.14192,2679.136952,0.070673524,190400.0785,2301.6,0.12116105,0.261689224,0.524893481,52.225,13.38161136,4.4,1170
132,CoCrCuFeMnNiTiV,1.965208683,271.7683817,-7.991,3.789475,5710.775418,0.055022828,3918.242635,1810.97125,0.16583124,0.26151011,0.514350824,52.41411,17.28943896,7.5,1312
133,Cu30Mn30Ni30Al10,2.4229646,245.8312557,-9.00348,5.22037,4400.779762,0.049822157,1789.332041,1474.778,0.095580176,0.272545557,0.491347348,53.383145,10.92382396,8.7,515
134,Cu30Mn30Ni30Sn11,2.382608403,351.2798195,-5.218183404,5.40288868,1301.729694,0.083121407,2452.222304,1422.763096,0.052470641,0.275725219,0.484788199,53.652512,8.993869581,8.75248,630
135,AlCrFeNiMo0.5,0.462467506,577.5758113,-19.1280125,3.31630017,3518.865384,0.061121468,1237.125404,1800.086443,0.132282518,0.176067288,0.154915574,47.955076,13.14589657,6.6666,1914.1
136,AlCrFeNiMo0.5Ti0.25,0.45747902,563.0531206,-21.60905465,3.297129324,3326.9501,0.065258616,1185.147236,1807.532299,0.147932618,0.181646281,0.181901171,45.600456,14.16843915,6.52639,2161.7
137,AlCrFeNiMo0.5Ti0.4,0.454350001,554.8427556,-22.80918408,3.286461684,3201.931797,0.067116625,1145.570769,1811.587748,0.15507494,0.138130373,0.16854034,44.16,14.42355446,6.44892,2185.1
138,AlCrFeNiMo0.5Ti0.5,0.452234249,549.5671738,-23.50956,3.27978,3128.698027,0.068157609,1121.583396,1814.194,0.159144086,0.148639665,0.312225886,71.8125,14.53424062,6.4,2228.7
139,AlCrFeNiMo0.5Ti0.6,0.450097806,544.4387452,-24.13805971,3.2733615,3063.15933,0.069064592,1099.666683,1816.698808,0.16275038,0.156584642,0.262222758,61.725,14.6110186,6.353,1314.5
140,AlCrFeNiMo0.5Ti0.75,0.446866035,537.0074375,-24.96003692,3.264179568,2977.573483,0.070210466,1070.425622,1820.268786,0.167423718,0.159371281,0.253409823,62.962667,14.67797682,6.28584,618.8
141,HfMo0.5NbTaTiZr,0.123955072,466.7310761,0.61111966,3.191741008,4881.988193,0.054869564,61496.8839,2556.93466,0.093065803,0.177180699,0.315596125,63.79,14.69805051,4.5455,1317
142,HfMo0.75NbTaTiZr,0.121571142,461.6735802,-0.160890583,3.189701529,4648.087565,0.0565336,237443.543,2571.59993,0.095064344,0.166991298,0.325696287,62.524797,14.85551058,4.6086,1373
143,HfMoNbZrTi,0.118332792,361.8421755,-1.51088,3.16532,3599.460392,0.060972711,21647.87044,2444.2,0.105716602,0.184601571,0.289748675,65.873477,13.38161136,4.6,1803
144,Mo1.7NbTiVZr,0.11991157,388.8675716,-3.229448011,3.133908558,2961.038359,0.066654219,9951.810987,2443.04288,0.069704865,0.167743303,0.265820339,65.399745,13.15525669,4.94742,1645
145,Mo2NbTiVZr,0.116911023,391.66751,-3.416813995,3.134564554,2995.577677,0.065817198,9364.314041,2465.68702,0.068557115,0.172224945,0.423258379,80.288086,12.97655339,5.00004,1765
146,MoNbTiV1.0Zr,0.127922627,373.6814686,-2.50928,3.13204,2849.013587,0.068534137,12690.0475,2379.6,0.072498276,0.177238667,0.432964498,78.463789,13.38161136,4.8,1786
147,MoNbTiV1.5Zr,0.126785003,360.7826719,-2.490562207,3.122794864,2621.017498,0.071113132,12569.1593,2361.75089,0.078145202,0.179503819,0.4379596,77.456432,13.25468883,4.81823,1735
148,MoNbTiV2.0Zr,0.127344169,349.0262531,-2.442944585,3.115065334,2257.604417,0.075815108,12466.15828,2346.85844,0.084999581,0.180765041,0.440994709,76.82,12.97655339,4.83338,1538
149,MoNbTiV3.0Zr,0.130937668,328.4482791,-2.309362478,3.102917472,1634.192554,0.086631203,12339.39158,2323.45321,0.098664143,0.181852526,0.443809548,76.208544,12.26455854,4.85719,1418
150,MoNbTiZr,0.131154289,403.0740472,-2.345,3.15755,3214.581093,0.059880115,11937.94595,2428.75,0.054083269,0.183198441,0.447650527,75.33484,11.52629264,4.75,1592
151,Nb5V20Cr60W5Ta5Al5,0.341556769,481.2808549,-6.99798,3.087035,3422.758125,0.054606575,3121.018996,2139.947,0.087492057,0.161321883,0.39585652,93.195,10.2062474,5.4,1474
152,Nb10V25Cr50W5Ta5Al5,0.339579884,499.3505038,-7.81643,3.112555,3571.981412,0.056527617,3166.656532,2168.597,0.094570926,0.162385344,0.454260259,85.875,11.41380769,5.3,1401
153,Mo5V25Cr55W5Ta5Al5,0.641093159,794.2092525,-6.05795,3.085365,1708.264308,0.073988864,3314.930621,2147.397,0.082491878,0.404477441,0.395380595,94.17,9.351640128,5.4,1511
154,Mo10V35Cr40W5Ta5Al5,0.485698717,701.297822,-6.06813,3.109215,3148.105965,0.055903938,3540.233164,2183.497,0.087337635,0.314452302,0.420879999,87.825,9.838618999,5.3,1471
155,Mo15V40Cr30W5Ta5Al5,0.397507014,663.1569939,-5.88825,3.127065,4417.649215,0.047067621,3688.877783,2219.447,0.090497638,0.271412969,0.429969305,84.91,9.786687678,5.25,1470
156,Mo20Nb10V30Cr25W5Ta5Al5,0.381830428,651.7563095,-6.95896,3.165955,4305.254964,0.051762586,3832.342648,2311.947,0.092817132,0.262239871,0.442242299,84.505,11.53535059,5.25,1458
157,Mo20Nb40Cr25W5Ta5Al5,0.330361243,761.4536442,-10.29508,3.247075,3007.282189,0.056691388,2330.17554,2482.047,0.12716218,0.270506469,0.472664549,81.745,9.665144776,5.25,1403
158,Mo40Nb35Cr10W5Ta5Al5,0.283131031,665.5722921,-9.50426,3.274955,4601.221994,0.043497618,2378.567409,2596.747,0.098906939,0.3258861,0.546635441,87.695,8.705708752,5.3,1525
159,Mo50Nb10V20Cr5W5Ta5Al5,0.293010021,628.2620713,-6.23638,3.225055,7517.132432,0.035684847,3877.907986,2526.447,0.071267524,0.378225792,0.778620893,94.455,9.57237884,5.35,1658
160,Mo55Nb5V5Cr20W5Ta5Al5,0.392822899,676.7315009,-5.43153,3.199385,2482.934237,0.059881525,4152.549798,2533.297,0.095264172,0.327459921,0.70268277,109.15,8.903298272,5.55,1748
